Date,Open,High,Low,Close,Volume,Adj Close,Symbol
2010-01-04,131.179993,132.970001,130.850006,132.449997,6155300,111.405,IBM
2010-01-05,131.679993,131.850006,130.100006,130.850006,6841400,110.05923200000001,IBM
2010-01-06,130.679993,131.490005,129.809998,130.0,5605300,109.344283,IBM
2010-01-07,129.869995,130.25,128.91000400000001,129.550003,5840600,108.96578600000001,IBM
2010-01-08,129.070007,130.919998,129.050003,130.850006,4197200,110.05923200000001,IBM
2010-01-11,131.059998,131.059998,128.669998,129.479996,5730400,108.906903,IBM
2010-01-12,129.029999,131.330002,129.0,130.509995,8081500,109.77324499999999,IBM
2010-01-13,130.389999,131.119995,129.16000400000001,130.229996,6455400,109.53773500000001,IBM
2010-01-14,130.550003,132.71000700000002,129.91000400000001,132.309998,7111800,111.287245,IBM
2010-01-15,132.029999,132.889999,131.08999599999999,131.779999,8494400,110.841458,IBM
2010-01-19,131.630005,134.25,131.559998,134.139999,13916200,112.82647800000001,IBM
2010-01-20,130.46000700000002,131.149994,128.949997,130.25,15197500,109.554561,IBM
2010-01-21,130.470001,130.690002,128.059998,129.0,9608600,108.503173,IBM
2010-01-22,128.669998,128.889999,125.370003,125.5,10088600,105.55928899999999,IBM
2010-01-25,126.33000200000001,126.889999,125.709999,126.120003,5738500,106.080779,IBM
2010-01-26,125.91999799999999,127.75,125.410004,125.75,7135300,105.769566,IBM
2010-01-27,125.82,126.959999,125.040001,126.33000200000001,8719200,106.25741200000002,IBM
2010-01-28,127.029999,127.040001,123.050003,123.75,9622200,104.087347,IBM
2010-01-29,124.32,125.0,121.900002,122.389999,11571200,102.943437,IBM
2010-02-01,123.230003,124.949997,122.779999,124.66999799999999,7242900,104.861166,IBM
2010-02-02,124.790001,125.809998,123.949997,125.529999,5899900,105.584521,IBM
2010-02-03,125.160004,126.07,125.07,125.660004,4177100,105.69386999999999,IBM
2010-02-04,125.190002,125.440002,122.900002,123.0,9126900,103.456514,IBM
2010-02-05,123.040001,123.720001,121.83000200000001,123.519997,8617000,103.893889,IBM
2010-02-08,123.150002,123.220001,121.739998,121.879997,5718500,102.972982,IBM
2010-02-09,122.650002,124.199997,122.459999,123.209999,6044500,104.096663,IBM
2010-02-10,122.940002,123.650002,122.209999,122.809998,5219100,103.758713,IBM
2010-02-11,122.58000200000001,124.199997,122.059998,123.730003,5089000,104.536,IBM
2010-02-12,123.010002,124.050003,121.610001,124.0,8017700,104.764113,IBM
2010-02-16,124.910004,125.230003,124.110001,125.230003,6777300,105.803308,IBM
2010-02-17,125.5,126.529999,125.209999,126.33000200000001,5827400,106.732666,IBM
2010-02-18,126.129997,128.0,126.0,127.809998,5525900,107.983073,IBM
2010-02-19,127.349998,128.059998,126.870003,127.190002,6303100,107.45925600000001,IBM
2010-02-22,127.300003,127.43,126.309998,126.849998,3808100,107.17199699999999,IBM
2010-02-23,126.480003,127.660004,126.0,126.459999,4591900,106.842497,IBM
2010-02-24,127.019997,128.270004,126.809998,127.589996,4782000,107.7972,IBM
2010-02-25,126.050003,127.239998,125.57,127.07,5658700,107.357869,IBM
2010-02-26,127.010002,128.0,126.739998,127.160004,4784200,107.43391100000001,IBM
2010-03-01,127.5,128.830002,127.470001,128.570007,4577700,108.625184,IBM
2010-03-02,128.699997,129.08999599999999,127.129997,127.41999799999999,6013300,107.653573,IBM
2010-03-03,127.730003,128.020004,126.68,126.879997,6390000,107.19734199999999,IBM
2010-03-04,127.07,127.07,125.470001,126.720001,6032300,107.062165,IBM
2010-03-05,127.16999799999999,127.550003,127.040001,127.25,6140200,107.509947,IBM
2010-03-08,127.059998,127.5,126.360001,126.410004,6199300,106.800257,IBM
2010-03-09,126.269997,126.290001,125.199997,125.550003,7528800,106.07366699999999,IBM
2010-03-10,125.989998,126.360001,125.209999,125.620003,6916200,106.13280800000001,IBM
2010-03-11,125.709999,127.809998,125.709999,127.599998,7922200,107.80565,IBM
2010-03-12,127.910004,128.369995,127.510002,127.940002,5169500,108.09291,IBM
2010-03-15,127.400002,128.33999599999999,127.279999,127.83000200000001,4497700,107.999974,IBM
2010-03-16,128.0,128.880005,127.449997,128.669998,6134900,108.70966299999999,IBM
2010-03-17,128.899994,128.929993,127.360001,127.760002,6348400,107.94083300000001,IBM
2010-03-18,127.459999,128.75,127.449997,128.380005,4954400,108.464656,IBM
2010-03-19,127.709999,128.929993,126.779999,127.709999,10744300,107.898587,IBM
2010-03-22,127.110001,128.389999,126.57,127.980003,5651900,108.126706,IBM
2010-03-23,127.940002,129.429993,127.639999,129.369995,5978500,109.301071,IBM
2010-03-24,128.630005,129.949997,128.470001,128.529999,6669300,108.59138200000001,IBM
2010-03-25,129.360001,130.729996,129.130005,129.240005,7603200,109.19124599999999,IBM
2010-03-26,128.929993,129.779999,128.720001,129.259995,5550800,109.20813400000002,IBM
2010-03-29,129.300003,129.949997,128.259995,128.58999599999999,4643000,108.642072,IBM
2010-03-30,128.899994,129.130005,128.25,128.770004,3426600,108.794155,IBM
2010-03-31,128.229996,128.75,127.650002,128.25,4904800,108.354818,IBM
2010-04-01,128.949997,129.309998,127.550003,128.25,4980500,108.354818,IBM
2010-04-05,128.380005,129.800003,128.139999,129.350006,4118700,109.28418300000001,IBM
2010-04-06,128.679993,129.300003,128.050003,128.929993,3926300,108.929325,IBM
2010-04-07,128.529999,129.270004,128.009995,128.479996,5157000,108.549135,IBM
2010-04-08,128.03999299999998,128.229996,127.199997,127.610001,6006900,107.81410100000001,IBM
2010-04-09,127.879997,128.869995,127.120003,128.759995,5185100,108.785698,IBM
2010-04-12,128.570007,128.96000700000002,128.240005,128.360001,3992300,108.447755,IBM
2010-04-13,128.259995,129.429993,127.839996,129.029999,6819100,109.01381699999999,IBM
2010-04-14,129.729996,131.419998,129.46000700000002,131.25,8545800,110.88943400000001,IBM
2010-04-15,130.529999,131.139999,130.190002,130.889999,6425300,110.58528000000001,IBM
2010-04-16,130.679993,132.169998,130.25,130.630005,9546200,110.365618,IBM
2010-04-19,130.380005,132.279999,130.380005,132.229996,11353700,111.717405,IBM
2010-04-20,129.199997,130.330002,128.259995,129.690002,15216500,109.571436,IBM
2010-04-21,129.869995,130.270004,128.5,128.990005,7559200,108.980028,IBM
2010-04-22,128.639999,129.360001,127.769997,129.130005,6018500,109.09831000000001,IBM
2010-04-23,129.080002,130.100006,128.71000700000002,129.990005,6197300,109.8249,IBM
2010-04-26,129.759995,131.03999299999998,129.53999299999998,130.729996,5285400,110.450097,IBM
2010-04-27,129.899994,132.0,128.71000700000002,128.820007,10916700,108.836402,IBM
2010-04-28,129.399994,130.470001,129.029999,130.100006,7122300,109.917837,IBM
2010-04-29,130.550003,131.21000700000002,130.149994,130.46000700000002,5786900,110.22199099999999,IBM
2010-04-30,130.429993,130.639999,128.83999599999999,129.0,6266700,108.988472,IBM
2010-05-03,129.389999,130.139999,128.800003,129.600006,4992100,109.495401,IBM
2010-05-04,128.889999,128.929993,126.57,128.119995,8285000,108.24498100000001,IBM
2010-05-05,127.120003,128.229996,126.870003,127.459999,6072800,107.68736899999999,IBM
2010-05-06,126.290001,127.93,116.0,123.91999799999999,13168800,105.233174,IBM
2010-05-07,123.360001,124.389999,120.0,122.099998,10584800,103.687626,IBM
2010-05-10,126.269997,126.66999799999999,125.059998,126.269997,8463900,107.228799,IBM
2010-05-11,125.209999,128.419998,125.150002,126.889999,6498900,107.755306,IBM
2010-05-12,127.160004,132.850006,127.010002,132.679993,16626900,112.672183,IBM
2010-05-13,130.929993,133.100006,130.850006,131.479996,10497800,111.653143,IBM
2010-05-14,131.059998,131.669998,129.41000400000001,131.190002,9920100,111.40688,IBM
2010-05-17,130.679993,131.759995,128.699997,130.440002,8923400,110.76997800000001,IBM
2010-05-18,131.259995,131.990005,129.899994,129.949997,9330000,110.35386399999999,IBM
2010-05-19,129.369995,130.5,127.82,128.860001,8669300,109.42823600000001,IBM
2010-05-20,127.220001,127.959999,123.68,123.800003,13176500,105.131274,IBM
2010-05-21,122.160004,125.610001,121.400002,125.41999799999999,12639500,106.506978,IBM
2010-05-24,125.260002,126.019997,124.040001,124.449997,6868600,105.68325,IBM
2010-05-25,121.470001,124.949997,121.470001,124.519997,9494800,105.742694,IBM
2010-05-26,124.889999,125.940002,123.0,123.230003,9083200,104.64722900000001,IBM
2010-05-27,125.050003,126.389999,124.769997,126.389999,7725900,107.33070500000001,IBM
2010-05-28,125.959999,126.279999,124.290001,125.260002,7421900,106.371109,IBM
2010-06-01,124.690002,126.879997,124.199997,124.339996,7135400,105.58983700000002,IBM
2010-06-02,124.849998,127.5,124.349998,127.410004,7705300,108.196895,IBM
2010-06-03,127.75,128.220001,126.459999,127.959999,6645300,108.663953,IBM
2010-06-04,126.370003,127.099998,124.66999799999999,125.279999,9669200,106.38808999999999,IBM
2010-06-07,125.57,125.860001,124.129997,124.129997,6951400,105.411506,IBM
2010-06-08,124.260002,124.459999,122.82,123.720001,8399200,105.063336,IBM
2010-06-09,124.83000200000001,125.839996,123.58000200000001,123.900002,7795500,105.21619299999999,IBM
2010-06-10,125.989998,128.220001,125.800003,127.68,7479700,108.426177,IBM
2010-06-11,126.730003,128.800003,126.440002,128.449997,5820200,109.08006,IBM
2010-06-14,128.5,129.970001,128.490005,128.5,6753000,109.122523,IBM
2010-06-15,128.929993,129.949997,128.369995,129.78999299999998,6652500,110.21798899999999,IBM
2010-06-16,128.33999599999999,130.679993,128.33999599999999,130.350006,6401000,110.69355300000001,IBM
2010-06-17,130.070007,131.029999,129.860001,130.979996,5571000,111.22854199999999,IBM
2010-06-18,131.020004,131.25,130.130005,130.149994,9581400,110.523702,IBM
2010-06-21,131.419998,131.940002,130.220001,130.649994,6857800,110.94830300000001,IBM
2010-06-22,130.369995,131.470001,129.070007,129.300003,6030200,109.80188799999999,IBM
2010-06-23,129.25,131.470001,129.08999599999999,130.110001,6855800,110.48974,IBM
2010-06-24,129.570007,129.729996,127.699997,128.190002,5565500,108.859272,IBM
2010-06-25,128.33999599999999,129.100006,127.120003,127.120003,10420400,107.950626,IBM
2010-06-28,127.650002,129.470001,127.220001,128.979996,6335100,109.53013700000001,IBM
2010-06-29,127.349998,128.399994,124.120003,125.089996,9376200,106.226739,IBM
2010-06-30,124.83000200000001,125.220001,123.0,123.480003,8018000,104.85952900000001,IBM
2010-07-01,123.550003,124.209999,121.610001,122.57,9742100,104.086752,IBM
2010-07-02,123.290001,123.290001,120.610001,121.860001,6454500,103.483819,IBM
2010-07-06,123.58000200000001,124.629997,122.16999799999999,123.459999,6348700,104.84254200000001,IBM
2010-07-07,123.470001,127.120003,123.470001,127.0,7090300,107.84871899999999,IBM
2010-07-08,127.370003,128.149994,126.739998,127.970001,5439300,108.67244699999999,IBM
2010-07-09,127.900002,128.199997,127.290001,127.959999,3898000,108.663953,IBM
2010-07-12,127.370003,128.830002,127.160004,128.669998,4206900,109.26688600000001,IBM
2010-07-13,128.970001,130.979996,128.690002,130.479996,6687700,110.80394,IBM
2010-07-14,129.320007,131.600006,129.139999,130.720001,6607200,111.007754,IBM
2010-07-15,129.869995,130.919998,129.550003,130.720001,6186800,111.007754,IBM
2010-07-16,129.96000700000002,130.149994,127.849998,128.029999,7002900,108.72339699999999,IBM
2010-07-19,128.669998,130.380005,128.369995,129.78999299999998,8388600,110.21798899999999,IBM
2010-07-20,122.970001,126.559998,122.93,126.550003,16337400,107.466581,IBM
2010-07-21,126.440002,126.5,124.620003,125.269997,8615500,106.37959599999999,IBM
2010-07-22,126.32,127.779999,126.050003,127.470001,6909000,108.247845,IBM
2010-07-23,127.300003,128.800003,127.0,128.380005,5078000,109.020623,IBM
2010-07-26,128.179993,128.429993,127.139999,128.41000400000001,5174900,109.046098,IBM
2010-07-27,128.779999,129.169998,127.889999,128.630005,4648200,109.232923,IBM
2010-07-28,128.669998,129.350006,127.879997,128.429993,4248800,109.063073,IBM
2010-07-29,129.059998,129.5,127.139999,128.020004,8994200,108.714909,IBM
2010-07-30,127.43,128.979996,127.040001,128.399994,6021000,109.037598,IBM
2010-08-02,129.25,131.199997,129.25,130.759995,6437500,111.041716,IBM
2010-08-03,130.029999,131.03999299999998,129.330002,130.369995,5091800,110.710528,IBM
2010-08-04,130.46000700000002,131.5,129.850006,131.270004,4567500,111.474818,IBM
2010-08-05,130.729996,131.979996,130.529999,131.830002,4520600,111.950369,IBM
2010-08-06,130.41000400000001,130.479996,128.759995,130.139999,6136200,111.062816,IBM
2010-08-09,130.78999299999998,132.33999599999999,130.399994,132.0,6131700,112.65016000000001,IBM
2010-08-10,131.179993,132.490005,130.770004,131.83999599999999,5471700,112.51361100000001,IBM
2010-08-11,130.690002,130.690002,129.46000700000002,129.830002,6316100,110.79826100000001,IBM
2010-08-12,127.690002,128.779999,127.519997,128.300003,5132200,109.49254499999999,IBM
2010-08-13,127.959999,128.46000700000002,127.33000200000001,127.870003,4669400,109.125578,IBM
2010-08-16,127.470001,128.229996,126.959999,127.769997,4009200,109.040232,IBM
2010-08-17,128.830002,129.850006,127.900002,128.449997,4298300,109.620551,IBM
2010-08-18,128.869995,130.199997,127.800003,129.389999,4883200,110.42275900000001,IBM
2010-08-19,128.669998,129.58999599999999,128.020004,128.899994,5402400,110.00458300000001,IBM
2010-08-20,128.720001,128.979996,126.959999,127.5,6246300,108.80981399999999,IBM
2010-08-23,127.57,128.029999,126.440002,126.470001,4034400,107.930802,IBM
2010-08-24,125.209999,126.019997,124.57,124.900002,5621200,106.590948,IBM
2010-08-25,124.57,125.599998,124.0,125.269997,5235300,106.906706,IBM
2010-08-26,125.779999,125.779999,122.779999,122.779999,7746600,104.781716,IBM
2010-08-27,123.83000200000001,124.800003,122.41999799999999,124.730003,6214200,106.44587,IBM
2010-08-30,125.08000200000001,125.269997,123.400002,123.400002,3604000,105.310833,IBM
2010-08-31,123.309998,123.989998,122.279999,123.129997,5624200,105.080408,IBM
2010-09-01,125.309998,126.309998,124.519997,125.769997,5623100,107.33341100000001,IBM
2010-09-02,126.029999,126.230003,124.650002,125.040001,5103300,106.710425,IBM
2010-09-03,126.220001,127.599998,125.900002,127.58000200000001,5142900,108.87808799999999,IBM
2010-09-07,126.989998,127.360001,125.879997,125.949997,4353300,107.487025,IBM
2010-09-08,126.019997,126.519997,125.389999,126.08000200000001,4477500,107.597973,IBM
2010-09-09,127.269997,127.57,126.150002,126.360001,3436700,107.836926,IBM
2010-09-10,126.989998,128.28999299999998,126.260002,127.989998,4418700,109.22798300000001,IBM
2010-09-13,128.630005,130.0,128.520004,129.610001,5271300,110.61051,IBM
2010-09-14,128.429993,129.919998,128.429993,128.850006,4850500,109.961923,IBM
2010-09-15,128.649994,129.96000700000002,128.53999299999998,129.429993,4762500,110.45688899999999,IBM
2010-09-16,129.199997,129.949997,128.800003,129.669998,4685000,110.66171299999999,IBM
2010-09-17,129.919998,130.600006,129.699997,130.190002,10397400,111.10548999999999,IBM
2010-09-20,130.240005,132.08999599999999,130.110001,131.78999299999998,7145500,112.47093799999999,IBM
2010-09-21,131.449997,132.800003,130.779999,131.979996,5267900,112.63308799999999,IBM
2010-09-22,131.610001,132.580002,131.399994,132.570007,4922400,113.13661,IBM
2010-09-23,131.419998,132.779999,131.220001,131.669998,3898800,112.36853300000001,IBM
2010-09-24,132.419998,134.149994,132.33999599999999,134.110001,7122400,114.450856,IBM
2010-09-27,133.509995,135.0,133.509995,134.649994,6155400,114.91169199999999,IBM
2010-09-28,134.669998,135.139999,133.71000700000002,134.889999,7481300,115.11651499999999,IBM
2010-09-29,134.399994,135.800003,134.33999599999999,135.479996,5151200,115.620024,IBM
2010-09-30,135.5,136.110001,133.669998,134.139999,6425800,114.47645800000001,IBM
2010-10-01,135.509995,136.279999,135.08999599999999,135.639999,5621200,115.756573,IBM
2010-10-04,135.229996,135.919998,134.389999,135.25,4059900,115.423744,IBM
2010-10-05,136.179993,137.899994,136.119995,137.66000400000001,6202500,117.48046599999999,IBM
2010-10-06,136.880005,137.96000700000002,136.830002,137.83999599999999,4783000,117.634073,IBM
2010-10-07,137.919998,138.880005,137.520004,138.720001,6440800,118.38507800000001,IBM
2010-10-08,138.399994,139.08999599999999,138.059998,138.850006,4540800,118.496026,IBM
2010-10-11,138.78999299999998,139.940002,138.639999,139.66000400000001,4004300,119.18728600000001,IBM
2010-10-12,138.399994,139.990005,138.270004,139.850006,5637300,119.34943600000001,IBM
2010-10-13,139.91000400000001,141.479996,139.779999,140.369995,8784300,119.7932,IBM
2010-10-14,140.350006,141.5,139.690002,141.5,5653100,120.757558,IBM
2010-10-15,142.100006,142.100006,140.53999299999998,141.059998,7220400,120.38205500000001,IBM
2010-10-18,140.899994,143.029999,140.83999599999999,142.830002,10322700,121.892595,IBM
2010-10-19,137.300003,139.33999599999999,136.699997,138.029999,14159100,117.796223,IBM
2010-10-20,138.279999,139.869995,138.130005,139.070007,6945500,118.683777,IBM
2010-10-21,139.809998,140.490005,138.399994,139.830002,6221200,119.33236399999998,IBM
2010-10-22,140.149994,140.75,139.46000700000002,139.669998,4105300,119.195816,IBM
2010-10-25,140.419998,141.399994,139.809998,139.83999599999999,4870000,119.34089399999999,IBM
2010-10-26,139.28999299999998,142.0,138.529999,140.669998,7327100,120.049226,IBM
2010-10-27,139.520004,141.570007,139.0,141.429993,6465300,120.69781299999998,IBM
2010-10-28,141.83999599999999,141.949997,140.419998,140.899994,5481600,120.245507,IBM
2010-10-29,140.899994,144.0,140.75,143.600006,8439300,122.549725,IBM
2010-11-01,143.639999,144.259995,142.320007,143.320007,5674600,122.310771,IBM
2010-11-02,143.850006,144.71000700000002,143.71000700000002,143.83999599999999,4626400,122.754535,IBM
2010-11-03,144.240005,144.46000700000002,142.630005,144.169998,5182100,123.036162,IBM
2010-11-04,144.820007,146.83999599999999,144.71000700000002,146.78999299999998,6622500,125.272093,IBM
2010-11-05,145.940002,146.929993,145.669998,146.919998,4995800,125.38304,IBM
2010-11-08,145.350006,146.580002,145.25,146.46000700000002,4459700,125.545914,IBM
2010-11-09,146.699997,147.529999,145.630005,146.139999,5700600,125.271603,IBM
2010-11-10,146.08999599999999,146.78999299999998,145.630005,146.550003,5172000,125.62306000000001,IBM
2010-11-11,144.699997,145.5,143.350006,145.429993,4752200,124.66298400000001,IBM
2010-11-12,144.58999599999999,145.770004,143.550003,143.740005,4731500,123.214322,IBM
2010-11-15,143.889999,144.75,143.270004,143.639999,3827700,123.128597,IBM
2010-11-16,142.929993,143.380005,141.179993,142.240005,6342100,121.928518,IBM
2010-11-17,142.490005,142.490005,141.389999,141.949997,4785900,121.67992199999999,IBM
2010-11-18,143.03999299999998,144.990005,142.75,144.360001,4236200,123.74578400000001,IBM
2010-11-19,144.380005,145.350006,143.990005,145.050003,5015900,124.33725600000001,IBM
2010-11-22,144.0,145.429993,143.559998,145.389999,3730700,124.628701,IBM
2010-11-23,144.240005,144.529999,142.330002,143.179993,4570300,122.734278,IBM
2010-11-24,143.949997,146.440002,143.820007,145.809998,4874100,124.988725,IBM
2010-11-26,145.300003,145.300003,143.570007,143.899994,2081300,123.35146499999999,IBM
2010-11-29,143.529999,143.669998,141.5,142.889999,5040300,122.48569499999999,IBM
2010-11-30,142.240005,142.759995,141.279999,141.46000700000002,7674800,121.259901,IBM
2010-12-01,143.610001,145.130005,143.509995,144.41000400000001,6822800,123.788646,IBM
2010-12-02,144.330002,145.850006,144.300003,145.179993,5374000,124.448683,IBM
2010-12-03,144.25,145.679993,144.25,145.380005,3710600,124.62013400000001,IBM
2010-12-06,144.53999299999998,145.869995,144.520004,144.990005,3321800,124.285825,IBM
2010-12-07,146.020004,146.300003,143.869995,144.020004,4828600,123.45433799999999,IBM
2010-12-08,144.350006,145.649994,143.83999599999999,144.979996,4961400,124.277245,IBM
2010-12-09,145.940002,145.940002,143.520004,144.300003,4405300,123.694353,IBM
2010-12-10,144.880005,144.949997,143.729996,144.820007,3503800,124.140103,IBM
2010-12-13,145.139999,145.399994,144.21000700000002,144.279999,4741000,123.67720600000001,IBM
2010-12-14,144.259995,146.009995,144.259995,145.820007,4800800,124.99730500000001,IBM
2010-12-15,145.130005,145.720001,144.309998,144.720001,4447400,124.054377,IBM
2010-12-16,144.83999599999999,145.320007,144.149994,144.550003,4178600,123.908654,IBM
2010-12-17,144.690002,145.5,144.399994,145.0,10027000,124.294393,IBM
2010-12-20,145.389999,145.53999299999998,144.389999,144.509995,3995000,123.87435900000001,IBM
2010-12-21,144.990005,145.990005,144.330002,145.740005,3777100,124.928727,IBM
2010-12-22,145.66000400000001,146.399994,145.580002,145.949997,3388800,125.108733,IBM
2010-12-23,145.889999,146.330002,145.330002,145.889999,2424500,125.057303,IBM
2010-12-27,145.119995,145.699997,145.0,145.33999599999999,2314700,124.58583899999999,IBM
2010-12-28,145.309998,146.149994,145.059998,145.71000700000002,2699600,124.90301200000002,IBM
2010-12-29,146.0,147.5,145.71000700000002,146.520004,3661100,125.59734499999999,IBM
2010-12-30,146.360001,147.110001,146.25,146.669998,3039100,125.72592,IBM
2010-12-31,146.729996,147.070007,145.96000700000002,146.759995,2969800,125.80306499999999,IBM
2011-01-03,147.21000700000002,148.199997,147.139999,147.479996,4603800,126.420252,IBM
2011-01-04,147.559998,148.220001,146.639999,147.639999,5060100,126.55740700000001,IBM
2011-01-05,147.33999599999999,147.479996,146.729996,147.050003,4657400,126.05166100000001,IBM
2011-01-06,147.130005,148.78999299999998,146.820007,148.66000400000001,5029200,127.431758,IBM
2011-01-07,148.78999299999998,148.860001,146.940002,147.929993,4135700,126.80599,IBM
2011-01-10,147.580002,148.059998,147.229996,147.639999,3633400,126.55740700000001,IBM
2011-01-11,148.199997,148.350006,146.75,147.279999,4163600,126.248814,IBM
2011-01-12,147.990005,149.28999299999998,147.669998,149.100006,4091500,127.808929,IBM
2011-01-13,149.240005,149.28999299999998,148.25,148.820007,3445800,127.568913,IBM
2011-01-14,148.889999,150.0,148.470001,150.0,4544200,128.580406,IBM
2011-01-18,149.820007,151.46000700000002,149.380005,150.649994,9176900,129.137583,IBM
2011-01-19,153.259995,156.130005,152.830002,155.690002,12141000,133.457892,IBM
2011-01-20,154.529999,155.96000700000002,154.449997,155.800003,7439900,133.552185,IBM
2011-01-21,156.399994,156.779999,154.96000700000002,155.5,7009000,133.295021,IBM
2011-01-24,155.419998,159.78999299999998,155.330002,159.630005,7285100,136.835273,IBM
2011-01-25,159.21000700000002,164.350006,159.0,161.440002,8260800,138.386807,IBM
2011-01-26,161.669998,161.899994,160.419998,161.03999299999998,5353100,138.043918,IBM
2011-01-27,161.429993,162.179993,160.860001,161.070007,4878300,138.069647,IBM
2011-01-28,161.050003,161.919998,158.669998,159.21000700000002,6725600,136.475249,IBM
2011-01-31,159.179993,162.0,158.679993,162.0,7197200,138.866839,IBM
2011-02-01,162.110001,163.940002,162.0,163.559998,5831300,140.204073,IBM
2011-02-02,163.399994,163.600006,162.610001,163.300003,3904000,139.98120500000002,IBM
2011-02-03,163.16000400000001,164.199997,162.809998,163.529999,4683400,140.178358,IBM
2011-02-04,163.479996,164.139999,163.220001,164.0,3755200,140.581244,IBM
2011-02-07,164.080002,164.990005,164.020004,164.820007,4928100,141.284157,IBM
2011-02-08,164.820007,166.25,164.320007,166.050003,5612600,142.902077,IBM
2011-02-09,165.619995,165.970001,164.100006,164.649994,4633600,141.697234,IBM
2011-02-10,163.899994,165.0,163.179993,164.08999599999999,5737800,141.215302,IBM
2011-02-11,163.979996,165.009995,163.309998,163.850006,5185200,141.008767,IBM
2011-02-14,164.179993,164.380005,162.850006,163.220001,4129800,140.466587,IBM
2011-02-15,162.889999,163.570007,162.520004,162.83999599999999,3768700,140.139556,IBM
2011-02-16,163.330002,163.600006,162.75,163.399994,3216000,140.621488,IBM
2011-02-17,163.300003,164.669998,162.850006,164.240005,3230500,141.3444,IBM
2011-02-18,164.46000700000002,164.83999599999999,164.100006,164.83999599999999,4245000,141.86075,IBM
2011-02-22,163.570007,164.259995,161.779999,161.949997,5209300,139.373626,IBM
2011-02-23,161.809998,162.679993,160.139999,160.179993,5998100,137.85036599999998,IBM
2011-02-24,159.630005,161.270004,159.029999,160.770004,5707500,138.358128,IBM
2011-02-25,161.059998,162.33999599999999,160.860001,162.279999,4518400,139.657624,IBM
2011-02-28,162.360001,162.990005,161.240005,161.880005,4773000,139.313391,IBM
2011-03-01,163.149994,163.149994,159.880005,159.970001,4382800,137.669648,IBM
2011-03-02,159.429993,161.110001,159.41000400000001,160.16000400000001,3413000,137.83316399999998,IBM
2011-03-03,161.419998,164.0,161.270004,163.479996,4057800,140.690338,IBM
2011-03-04,163.399994,164.309998,160.649994,161.830002,4910700,139.270359,IBM
2011-03-07,161.600006,162.979996,158.850006,159.929993,5312000,137.63521699999998,IBM
2011-03-08,159.699997,163.429993,159.21000700000002,162.279999,5384800,139.657624,IBM
2011-03-09,163.470001,167.720001,163.279999,165.860001,9086600,142.738562,IBM
2011-03-10,164.639999,164.669998,161.380005,162.020004,7041400,139.433874,IBM
2011-03-11,162.399994,163.240005,160.83999599999999,162.429993,4271000,139.786709,IBM
2011-03-14,161.16000400000001,161.979996,160.08999599999999,161.389999,4300500,138.891694,IBM
2011-03-15,157.350006,159.639999,156.880005,159.020004,6475800,136.85208400000002,IBM
2011-03-16,156.520004,156.979996,151.71000700000002,153.0,12195300,131.67128799999998,IBM
2011-03-17,154.0,154.5,152.699997,154.179993,7376400,132.686786,IBM
2011-03-18,156.5,156.949997,154.320007,155.889999,11450000,134.158412,IBM
2011-03-21,157.639999,159.630005,157.070007,157.679993,5784000,135.698875,IBM
2011-03-22,158.559998,158.610001,157.520004,158.0,4311400,135.97427199999998,IBM
2011-03-23,158.0,160.080002,157.529999,159.529999,4782500,137.290984,IBM
2011-03-24,160.229996,160.71000700000002,158.83999599999999,160.03999299999998,5145800,137.729883,IBM
2011-03-25,160.979996,162.740005,160.759995,162.179993,5348100,139.571559,IBM
2011-03-28,161.53999299999998,162.580002,161.119995,161.369995,3972800,138.874478,IBM
2011-03-29,161.33999599999999,163.08999599999999,161.149994,162.880005,3456700,140.17398799999998,IBM
2011-03-30,163.550003,163.990005,163.020004,163.600006,3394100,140.79361799999998,IBM
2011-03-31,163.399994,164.059998,163.070007,163.070007,3860800,140.337503,IBM
2011-04-01,163.699997,164.419998,163.03999299999998,164.270004,4381900,141.370216,IBM
2011-04-04,164.419998,164.729996,163.580002,164.25,3225100,141.353001,IBM
2011-04-05,163.809998,164.699997,163.619995,163.990005,3612000,141.12925,IBM
2011-04-06,164.33999599999999,164.75,163.809998,164.03999299999998,3774800,141.17227,IBM
2011-04-07,164.100006,164.550003,163.279999,164.380005,3666700,141.46488300000001,IBM
2011-04-08,164.350006,164.380005,163.16000400000001,164.050003,3324100,141.18088400000002,IBM
2011-04-11,163.440002,164.0,163.110001,163.949997,4139000,141.094819,IBM
2011-04-12,163.360001,163.770004,162.300003,163.25,3860600,140.492404,IBM
2011-04-13,163.970001,164.929993,163.66000400000001,163.949997,4181900,141.094819,IBM
2011-04-14,163.83999599999999,165.360001,163.16000400000001,164.970001,4699100,141.972632,IBM
2011-04-15,165.0,166.33999599999999,164.869995,166.21000700000002,5287400,143.039776,IBM
2011-04-18,164.639999,166.16000400000001,162.860001,165.940002,6160700,142.807411,IBM
2011-04-19,165.71000700000002,166.380005,164.440002,165.399994,6547100,142.342682,IBM
2011-04-20,163.100006,165.889999,162.190002,164.75,10891800,141.783299,IBM
2011-04-21,165.630005,168.449997,164.860001,168.279999,6158400,144.821204,IBM
2011-04-25,167.649994,168.770004,167.229996,167.669998,3583800,144.29623999999998,IBM
2011-04-26,167.990005,169.199997,167.399994,168.490005,7300000,145.001935,IBM
2011-04-27,168.610001,170.58999599999999,168.46000700000002,170.369995,5299700,146.619848,IBM
2011-04-28,169.990005,171.380005,169.699997,170.779999,5087700,146.97269599999998,IBM
2011-04-29,171.100006,173.0,170.479996,170.580002,5587700,146.800579,IBM
2011-05-02,172.110001,173.53999299999998,171.490005,172.149994,5396200,148.151709,IBM
2011-05-03,172.0,173.479996,171.229996,172.869995,5007700,148.77133999999998,IBM
2011-05-04,172.360001,172.619995,169.58999599999999,170.619995,6890300,146.834997,IBM
2011-05-05,170.470001,170.869995,167.5,168.46000700000002,7332000,144.97611899999998,IBM
2011-05-06,169.029999,170.149994,168.240005,168.889999,4839400,145.996161,IBM
2011-05-09,168.389999,169.850006,168.309998,169.100006,3594800,146.1777,IBM
2011-05-10,169.25,170.899994,169.220001,170.380005,4934800,147.284189,IBM
2011-05-11,170.300003,170.520004,167.820007,169.5,4663200,146.523473,IBM
2011-05-12,169.649994,172.770004,168.649994,172.240005,5138500,148.89205800000002,IBM
2011-05-13,171.699997,172.149994,169.440002,169.919998,5167400,146.886539,IBM
2011-05-16,169.809998,170.639999,168.309998,168.860001,4662200,145.97022900000002,IBM
2011-05-17,167.850006,171.41000400000001,166.529999,170.5,8773200,147.38791799999998,IBM
2011-05-18,170.100006,171.190002,169.46000700000002,170.440002,4154300,147.336054,IBM
2011-05-19,170.860001,171.399994,169.320007,170.58999599999999,3538300,147.465715,IBM
2011-05-20,170.399994,171.149994,169.380005,170.16000400000001,4869900,147.09401,IBM
2011-05-23,168.580002,168.690002,167.070007,168.259995,5144000,145.451556,IBM
2011-05-24,168.5,168.669998,167.509995,167.990005,4643600,145.218166,IBM
2011-05-25,167.630005,168.399994,167.509995,167.75,3882100,145.010694,IBM
2011-05-26,167.46000700000002,167.5,165.899994,167.179993,5771300,144.517954,IBM
2011-05-27,167.91000400000001,168.470001,167.0,167.5,3277600,144.79458300000002,IBM
2011-05-31,168.440002,169.889999,167.820007,168.929993,9123400,146.030733,IBM
2011-06-01,168.899994,169.580002,166.5,166.559998,5134600,143.982002,IBM
2011-06-02,166.440002,167.100006,165.71000700000002,166.08999599999999,3854100,143.575712,IBM
2011-06-03,164.300003,165.889999,164.130005,165.050003,5230500,142.676694,IBM
2011-06-06,164.759995,165.580002,164.270004,164.75,3619700,142.417358,IBM
2011-06-07,165.110001,165.240005,163.610001,163.690002,4187000,141.501048,IBM
2011-06-08,163.270004,164.850006,163.259995,164.33999599999999,3850800,142.06293200000002,IBM
2011-06-09,165.009995,165.96000700000002,164.759995,164.83999599999999,4299800,142.495155,IBM
2011-06-10,164.570007,164.83999599999999,162.869995,163.179993,4683300,141.060173,IBM
2011-06-13,164.440002,164.46000700000002,162.729996,163.169998,5099200,141.051533,IBM
2011-06-14,163.869995,164.570007,163.649994,164.119995,7050000,141.872753,IBM
2011-06-15,162.75,163.41000400000001,161.520004,162.330002,5225600,140.325402,IBM
2011-06-16,162.059998,163.630005,161.779999,162.669998,4861100,140.61931,IBM
2011-06-17,164.240005,165.100006,163.580002,164.440002,7149700,142.149382,IBM
2011-06-20,163.699997,165.610001,163.58999599999999,165.020004,3956100,142.65076200000001,IBM
2011-06-21,165.199997,166.75,164.0,166.220001,5387300,143.688094,IBM
2011-06-22,165.58999599999999,166.809998,165.100006,165.679993,3960500,143.22128600000002,IBM
2011-06-23,164.059998,166.729996,163.800003,166.119995,5271500,143.601644,IBM
2011-06-24,165.850006,165.940002,164.570007,165.070007,4402600,142.69398700000002,IBM
2011-06-27,165.740005,168.240005,165.21000700000002,167.619995,4446700,144.898312,IBM
2011-06-28,168.330002,170.699997,168.009995,170.009995,4850000,146.964335,IBM
2011-06-29,170.610001,170.860001,169.820007,170.53999299999998,3817100,147.42248999999998,IBM
2011-06-30,171.110001,172.449997,170.75,171.550003,5105200,148.29558899999998,IBM
2011-07-01,171.610001,174.649994,171.490005,174.53999299999998,5181700,150.880271,IBM
2011-07-05,173.520004,175.429993,173.520004,175.429993,4586500,151.649627,IBM
2011-07-06,175.190002,177.770004,175.08999599999999,177.71000700000002,5885900,153.620575,IBM
2011-07-07,176.779999,177.270004,176.119995,176.479996,5905600,152.557297,IBM
2011-07-08,175.490005,176.490005,175.009995,176.490005,4399900,152.56595,IBM
2011-07-11,174.899994,176.149994,174.610001,174.990005,4766500,151.269282,IBM
2011-07-12,174.929993,175.369995,173.889999,174.050003,5036800,150.456702,IBM
2011-07-13,174.899994,176.320007,174.0,174.320007,4074800,150.69010600000001,IBM
2011-07-14,174.399994,176.100006,173.83999599999999,174.229996,4613100,150.612296,IBM
2011-07-15,175.080002,175.940002,174.070007,175.53999299999998,5347100,151.74471699999998,IBM
2011-07-18,174.729996,176.46000700000002,173.580002,175.279999,8879700,151.51996599999998,IBM
2011-07-19,178.740005,185.21000700000002,178.649994,185.21000700000002,13245600,160.103914,IBM
2011-07-20,183.83999599999999,184.419998,183.0,183.649994,5901100,158.755368,IBM
2011-07-21,183.58999599999999,185.5,182.899994,184.899994,4958400,159.835925,IBM
2011-07-22,184.639999,185.630005,184.259995,185.179993,4516100,160.077969,IBM
2011-07-25,183.889999,184.96000700000002,183.279999,183.699997,4987000,158.79859299999998,IBM
2011-07-26,182.940002,184.050003,182.649994,182.929993,4356200,158.13296699999998,IBM
2011-07-27,182.009995,182.91000400000001,180.929993,181.350006,5806800,156.767155,IBM
2011-07-28,181.059998,183.270004,180.880005,181.800003,4478800,157.156153,IBM
2011-07-29,180.259995,183.429993,179.729996,181.850006,6665600,157.199377,IBM
2011-08-01,182.600006,183.690002,178.5,180.75,5842700,156.248482,IBM
2011-08-02,179.949997,182.28999299999998,177.860001,178.050003,5770400,153.91448300000002,IBM
2011-08-03,177.669998,179.229996,175.41000400000001,178.830002,6722000,154.588749,IBM
2011-08-04,176.5,177.919998,171.179993,171.479996,11022300,148.235071,IBM
2011-08-05,172.100006,174.220001,166.520004,172.979996,11871800,149.531739,IBM
2011-08-08,168.830002,172.610001,166.0,166.220001,15804900,144.313801,IBM
2011-08-09,167.46000700000002,171.050003,162.0,170.610001,12517600,148.12524,IBM
2011-08-10,168.179993,169.229996,161.850006,162.53999299999998,13993600,141.118783,IBM
2011-08-11,164.100006,168.770004,162.940002,166.729996,9175600,144.756583,IBM
2011-08-12,168.5,169.380005,165.830002,168.199997,5187000,146.032852,IBM
2011-08-15,171.320007,174.0,170.389999,172.990005,7645400,150.191584,IBM
2011-08-16,172.190002,172.190002,169.0,171.240005,5585400,148.672217,IBM
2011-08-17,171.570007,172.990005,169.889999,171.479996,5129700,148.880579,IBM
2011-08-18,166.320007,166.46000700000002,160.16000400000001,163.830002,15082600,142.23878,IBM
2011-08-19,162.169998,163.940002,157.130005,157.53999299999998,14068600,136.777735,IBM
2011-08-22,161.350006,161.679993,157.619995,158.979996,7249100,138.027959,IBM
2011-08-23,160.649994,164.58999599999999,159.529999,164.320007,6923300,142.664208,IBM
2011-08-24,164.130005,166.830002,163.350006,166.759995,6427000,144.78262800000002,IBM
2011-08-25,167.520004,168.529999,164.850006,165.580002,6751600,143.758147,IBM
2011-08-26,164.850006,169.330002,163.279999,169.139999,6438200,146.848971,IBM
2011-08-29,170.580002,172.720001,170.360001,172.619995,5293400,149.870337,IBM
2011-08-30,172.059998,173.509995,170.880005,172.509995,4477700,149.774833,IBM
2011-08-31,173.28999299999998,173.720001,170.71000700000002,171.91000400000001,6074200,149.253916,IBM
2011-09-01,172.71000700000002,173.679993,170.119995,170.330002,5463900,147.88214299999999,IBM
2011-09-02,167.690002,168.929993,166.0,166.979996,4979100,144.973635,IBM
2011-09-06,163.059998,165.550003,162.199997,165.110001,5761200,143.350088,IBM
2011-09-07,167.279999,167.899994,166.16000400000001,167.309998,6796600,145.260146,IBM
2011-09-08,167.0,169.580002,165.100006,165.25,6027200,143.47163600000002,IBM
2011-09-09,164.570007,165.190002,160.809998,161.369995,6743900,140.102979,IBM
2011-09-12,160.03999299999998,162.440002,158.759995,162.419998,5247200,141.014602,IBM
2011-09-13,163.639999,163.919998,161.53999299999998,163.429993,4723800,141.89148899999998,IBM
2011-09-14,164.009995,169.66000400000001,161.990005,167.240005,6980700,145.199378,IBM
2011-09-15,168.639999,170.16000400000001,167.229996,170.08999599999999,5464400,147.673768,IBM
2011-09-16,171.330002,172.990005,169.740005,172.990005,11048100,150.191584,IBM
2011-09-19,169.5,173.869995,169.429993,173.130005,4755600,150.313132,IBM
2011-09-20,173.570007,177.429993,172.699997,174.720001,6209600,151.69358200000002,IBM
2011-09-21,175.0,177.669998,172.619995,173.020004,7043100,150.21762900000002,IBM
2011-09-22,168.330002,169.970001,166.5,168.619995,8195600,146.397499,IBM
2011-09-23,166.990005,169.53999299999998,165.759995,169.33999599999999,5586600,147.022611,IBM
2011-09-26,170.96000700000002,174.699997,169.860001,174.509995,6745700,151.511253,IBM
2011-09-27,176.820007,179.619995,176.429993,177.71000700000002,7638800,154.289534,IBM
2011-09-28,177.970001,180.75,177.080002,177.550003,7732200,154.15061699999998,IBM
2011-09-29,179.690002,180.91000400000001,175.529999,179.169998,6944300,155.557113,IBM
2011-09-30,176.009995,178.270004,174.75,174.869995,7807400,151.823809,IBM
2011-10-03,174.360001,177.919998,173.03999299999998,173.28999299999998,9042600,150.45203600000002,IBM
2011-10-04,171.53999299999998,175.070007,168.880005,174.740005,9200000,151.71095,IBM
2011-10-05,174.570007,177.300003,172.679993,176.850006,5851700,153.542873,IBM
2011-10-06,176.809998,181.990005,175.66000400000001,181.690002,7180900,157.745004,IBM
2011-10-07,182.320007,183.720001,181.639999,182.389999,6842600,158.352748,IBM
2011-10-10,183.0,186.630005,182.899994,186.619995,5784800,162.025271,IBM
2011-10-11,184.58999599999999,186.0,184.110001,185.0,5330500,160.618776,IBM
2011-10-12,186.080002,188.0,185.649994,186.119995,5338200,161.59116699999998,IBM
2011-10-13,184.970001,187.5,184.5,186.820007,4399200,162.198924,IBM
2011-10-14,188.190002,190.529999,187.729996,190.529999,5368200,165.419974,IBM
2011-10-17,189.71000700000002,190.16000400000001,185.899994,186.58999599999999,8790300,161.999226,IBM
2011-10-18,178.0,179.380005,176.25,178.899994,15729400,155.322692,IBM
2011-10-19,179.679993,179.809998,177.009995,177.389999,6708300,154.0117,IBM
2011-10-20,178.130005,179.240005,176.169998,177.25,7513800,153.890152,IBM
2011-10-21,179.110001,181.669998,178.75,181.630005,8054200,157.692914,IBM
2011-10-24,181.509995,183.389999,180.619995,182.25,5890600,158.2312,IBM
2011-10-25,181.66000400000001,182.970001,180.009995,180.360001,5373100,156.590284,IBM
2011-10-26,181.740005,182.279999,179.029999,181.970001,5387700,157.988102,IBM
2011-10-27,184.990005,187.0,183.179993,185.880005,7057800,161.382805,IBM
2011-10-28,185.570007,188.070007,185.279999,187.449997,5009800,162.745887,IBM
2011-10-31,185.58999599999999,186.91000400000001,184.630005,184.630005,4710000,160.297543,IBM
2011-11-01,181.550003,183.259995,180.740005,181.350006,5881200,157.449816,IBM
2011-11-02,184.0,185.25,183.029999,183.919998,4136600,159.681108,IBM
2011-11-03,185.130005,187.779999,184.020004,187.300003,4953500,162.61566100000002,IBM
2011-11-04,186.270004,187.139999,184.740005,186.380005,3237600,161.81691,IBM
2011-11-07,186.220001,187.729996,184.75,187.320007,3530800,162.633029,IBM
2011-11-08,187.479996,187.880005,185.509995,187.25,4330600,163.225778,IBM
2011-11-09,184.199997,185.240005,181.16000400000001,182.240005,5494800,158.858567,IBM
2011-11-10,183.580002,184.770004,181.869995,183.350006,3881600,159.826155,IBM
2011-11-11,185.270004,187.830002,185.139999,187.380005,3665300,163.339103,IBM
2011-11-14,189.169998,189.83999599999999,186.850006,187.350006,6038600,163.312954,IBM
2011-11-15,187.490005,189.970001,185.639999,188.75,4585300,164.533328,IBM
2011-11-16,187.820007,189.899994,186.300003,186.619995,4616800,162.676603,IBM
2011-11-17,186.809998,188.830002,183.389999,185.729996,5840500,161.900791,IBM
2011-11-18,186.71000700000002,186.970001,184.66000400000001,185.240005,4440900,161.473667,IBM
2011-11-21,183.369995,183.96000700000002,180.0,181.479996,5145100,158.196067,IBM
2011-11-22,182.220001,182.979996,180.28999299999998,181.309998,4178600,158.04788,IBM
2011-11-23,180.669998,181.490005,177.520004,177.949997,4800900,155.118968,IBM
2011-11-25,178.009995,179.559998,177.059998,177.059998,2232800,154.343156,IBM
2011-11-28,182.71000700000002,182.929993,180.669998,182.21000700000002,4524200,158.832417,IBM
2011-11-29,182.020004,183.309998,180.83999599999999,180.940002,3661600,157.725355,IBM
2011-11-30,184.570007,188.350006,184.21000700000002,188.0,7836800,163.87955300000002,IBM
2011-12-01,187.009995,189.990005,186.770004,189.449997,4858800,165.14351499999998,IBM
2011-12-02,189.919998,191.330002,189.449997,189.66000400000001,4962200,165.326578,IBM
2011-12-05,191.179993,193.610001,190.380005,190.83999599999999,5699400,166.355177,IBM
2011-12-06,190.649994,193.529999,190.320007,192.940002,4144900,168.185752,IBM
2011-12-07,191.990005,194.899994,191.279999,194.050003,5081700,169.153339,IBM
2011-12-08,192.479996,193.800003,191.070007,191.580002,4369000,167.00024,IBM
2011-12-09,192.91000400000001,194.869995,192.399994,194.559998,4847900,169.597901,IBM
2011-12-12,193.639999,193.899994,191.220001,192.179993,3796100,167.523252,IBM
2011-12-13,193.46000700000002,194.300003,190.639999,191.149994,5008400,166.625402,IBM
2011-12-14,189.83999599999999,190.279999,188.0,188.720001,5057700,164.507178,IBM
2011-12-15,190.479996,191.199997,186.889999,187.479996,4474500,163.426265,IBM
2011-12-16,188.009995,188.009995,181.91000400000001,183.570007,11849400,160.01793,IBM
2011-12-19,184.509995,184.690002,182.25,182.889999,5039900,159.425167,IBM
2011-12-20,185.5,187.330002,184.759995,187.240005,4740100,163.217066,IBM
2011-12-21,183.220001,183.5,179.03999299999998,181.470001,9282500,158.187355,IBM
2011-12-22,182.71000700000002,182.800003,181.0,182.03999299999998,5052000,158.684217,IBM
2011-12-23,183.110001,184.850006,181.889999,184.75,3052300,161.046529,IBM
2011-12-27,184.970001,185.850006,184.389999,184.949997,2775200,161.220866,IBM
2011-12-28,185.190002,185.399994,183.33999599999999,183.990005,2872000,160.384042,IBM
2011-12-29,184.070007,186.229996,184.009995,186.179993,2941600,162.29305300000001,IBM
2011-12-30,186.330002,186.479996,183.850006,183.880005,3530900,160.288154,IBM
2012-01-03,186.729996,188.71000700000002,186.0,186.300003,5646000,162.397666,IBM
2012-01-04,185.570007,186.330002,184.940002,185.53999299999998,4346700,161.735166,IBM
2012-01-05,184.809998,185.029999,183.100006,184.66000400000001,4463100,160.96807900000002,IBM
2012-01-06,184.389999,184.479996,182.309998,182.53999299999998,4897100,159.120067,IBM
2012-01-09,182.199997,182.270004,180.270004,181.58999599999999,5201200,158.291954,IBM
2012-01-10,183.229996,183.720001,181.199997,181.309998,5161000,158.04788,IBM
2012-01-11,180.729996,182.809998,180.5,182.320007,4110800,158.928305,IBM
2012-01-12,181.860001,181.91000400000001,178.380005,180.550003,6881000,157.385393,IBM
2012-01-13,179.479996,179.610001,177.350006,179.16000400000001,5279200,156.17373,IBM
2012-01-17,180.360001,182.0,179.320007,180.0,6003400,156.905955,IBM
2012-01-18,179.830002,181.600006,179.5,181.070007,4600600,157.83868,IBM
2012-01-19,181.78999299999998,182.360001,180.350006,180.520004,8567200,157.359243,IBM
2012-01-20,185.770004,188.970001,184.75,188.520004,12849700,164.332841,IBM
2012-01-23,187.91000400000001,190.520004,187.669998,189.979996,5751700,165.605515,IBM
2012-01-24,188.630005,192.300003,188.520004,191.929993,5345700,167.305327,IBM
2012-01-25,191.330002,192.240005,189.610001,191.729996,4359700,167.130989,IBM
2012-01-26,191.78999299999998,192.78999299999998,190.470001,190.979996,4004700,166.477215,IBM
2012-01-27,190.009995,191.770004,189.809998,190.46000700000002,3360400,166.02393999999998,IBM
2012-01-30,189.389999,192.729996,188.220001,192.5,4359000,167.802202,IBM
2012-01-31,193.08999599999999,193.100006,191.0,192.600006,4826800,167.889377,IBM
2012-02-01,193.21000700000002,194.809998,192.41000400000001,192.619995,5088800,167.906802,IBM
2012-02-02,192.720001,193.330002,191.330002,191.529999,3907300,166.956652,IBM
2012-02-03,192.929993,194.130005,192.53999299999998,193.639999,4521700,168.79593899999998,IBM
2012-02-06,192.479996,193.759995,192.0,192.820007,3639800,168.081152,IBM
2012-02-07,192.449997,194.139999,191.970001,193.350006,3433000,168.543152,IBM
2012-02-08,192.779999,193.580002,191.729996,192.949997,3803800,168.84943,IBM
2012-02-09,193.029999,194.46000700000002,192.550003,193.130005,3876400,169.006954,IBM
2012-02-10,191.759995,192.429993,191.279999,192.419998,3391100,168.38563100000002,IBM
2012-02-13,193.309998,193.690002,191.740005,192.619995,2458800,168.560647,IBM
2012-02-14,191.759995,192.600006,190.830002,192.220001,3398100,168.210615,IBM
2012-02-15,192.309998,193.440002,191.259995,192.25,4020900,168.236867,IBM
2012-02-16,192.610001,193.25,192.0,193.020004,3525500,168.91069299999998,IBM
2012-02-17,193.71000700000002,193.860001,192.300003,193.419998,3746500,169.260725,IBM
2012-02-21,193.729996,194.240005,192.46000700000002,193.389999,3293600,169.234474,IBM
2012-02-22,193.029999,194.740005,192.75,193.869995,3275800,169.654515,IBM
2012-02-23,193.869995,199.229996,193.279999,197.610001,8032700,172.927372,IBM
2012-02-24,198.380005,198.559998,196.610001,197.759995,3353200,173.05863100000002,IBM
2012-02-27,196.779999,198.71000700000002,196.100006,197.529999,3758400,172.857363,IBM
2012-02-28,197.75,198.96000700000002,197.429993,197.979996,3167400,173.25115300000002,IBM
2012-02-29,197.860001,199.169998,196.449997,196.729996,5117100,172.157285,IBM
2012-03-01,197.229996,198.470001,196.929993,197.529999,3560300,172.857363,IBM
2012-03-02,197.100006,198.889999,197.059998,198.809998,3727400,173.977483,IBM
2012-03-05,198.360001,201.190002,198.300003,200.66000400000001,6938000,175.59641200000002,IBM
2012-03-06,199.139999,199.639999,196.809998,197.259995,5214700,172.621084,IBM
2012-03-07,198.08999599999999,198.570007,197.309998,197.770004,3346900,173.067391,IBM
2012-03-08,199.240005,199.990005,198.649994,199.809998,3145800,174.852577,IBM
2012-03-09,199.979996,201.100006,199.720001,200.619995,3178200,175.561401,IBM
2012-03-12,200.929993,201.570007,200.229996,201.0,3119700,175.89394099999998,IBM
2012-03-13,201.720001,203.899994,201.610001,203.779999,4866000,178.326702,IBM
2012-03-14,203.779999,205.149994,203.639999,204.720001,4602300,179.149293,IBM
2012-03-15,204.940002,206.179993,204.740005,206.0,3621100,180.26941200000002,IBM
2012-03-16,207.029999,207.520004,206.009995,206.009995,9637000,180.27815900000002,IBM
2012-03-19,205.71000700000002,206.529999,204.5,205.720001,3763200,180.02438700000002,IBM
2012-03-20,204.740005,205.0,203.699997,204.25,3695100,178.737997,IBM
2012-03-21,204.320007,205.770004,204.300003,204.690002,3329900,179.123041,IBM
2012-03-22,204.0,205.990005,203.96000700000002,205.490005,3307800,179.823119,IBM
2012-03-23,205.889999,205.96000700000002,204.559998,205.479996,3036200,179.81436000000002,IBM
2012-03-26,206.449997,207.919998,206.320007,207.770004,3418200,181.818333,IBM
2012-03-27,208.46000700000002,208.66000400000001,207.0,207.179993,2704500,181.302017,IBM
2012-03-28,207.440002,208.690002,206.270004,207.28999299999998,3265700,181.398278,IBM
2012-03-29,206.08999599999999,208.5,206.020004,208.270004,3403700,182.25588,IBM
2012-03-30,208.740005,209.119995,208.009995,208.649994,3215200,182.58840700000002,IBM
2012-04-02,208.96000700000002,209.690002,208.08999599999999,209.470001,3387900,183.30598999999998,IBM
2012-04-03,209.309998,210.690002,208.53999299999998,209.5,4091500,183.33224199999998,IBM
2012-04-04,206.220001,206.979996,205.190002,206.050003,4404000,180.31316999999999,IBM
2012-04-05,205.149994,205.679993,204.46000700000002,205.470001,3809000,179.805614,IBM
2012-04-09,204.399994,206.169998,203.369995,204.940002,3326900,179.341815,IBM
2012-04-10,204.940002,205.740005,202.169998,202.330002,4132900,177.057818,IBM
2012-04-11,203.990005,204.320007,202.46000700000002,202.580002,3366200,177.276592,IBM
2012-04-12,202.800003,205.559998,202.639999,205.320007,2929600,179.674355,IBM
2012-04-13,204.320007,204.649994,202.800003,202.800003,3767000,177.469114,IBM
2012-04-16,204.740005,205.970001,202.720001,202.720001,3826600,177.399104,IBM
2012-04-17,204.570007,207.639999,204.149994,207.449997,6065500,181.538296,IBM
2012-04-18,202.429993,204.070007,200.0,200.130005,10153500,175.132614,IBM
2012-04-19,200.029999,201.259995,197.520004,199.509995,5762900,174.590046,IBM
2012-04-20,199.830002,200.119995,199.08999599999999,199.600006,4758200,174.668815,IBM
2012-04-23,197.889999,199.100006,196.78999299999998,198.619995,3618800,173.81121299999998,IBM
2012-04-24,199.059998,202.479996,198.869995,200.0,5626300,175.018847,IBM
2012-04-25,202.020004,203.690002,201.800003,203.570007,4003400,178.14293999999998,IBM
2012-04-26,203.399994,206.21000700000002,203.399994,205.580002,3302700,179.901874,IBM
2012-04-27,206.470001,208.169998,205.91000400000001,206.809998,3496900,180.978237,IBM
2012-04-30,206.71000700000002,207.96000700000002,206.320007,207.080002,2773200,181.214516,IBM
2012-05-01,207.179993,208.929993,206.71000700000002,208.0,2715900,182.019601,IBM
2012-05-02,206.970001,208.270004,206.91000400000001,208.059998,2360300,182.072104,IBM
2012-05-03,208.270004,208.919998,206.550003,207.240005,2826600,181.354534,IBM
2012-05-04,206.470001,207.110001,204.399994,204.990005,4023600,179.385572,IBM
2012-05-07,203.96000700000002,204.770004,202.899994,203.75,3373400,178.30045,IBM
2012-05-08,202.440002,203.059998,199.720001,201.479996,3881500,177.052605,IBM
2012-05-09,199.990005,203.0,199.059998,201.229996,3742500,176.83291499999999,IBM
2012-05-10,201.0,203.25,200.020004,200.600006,3830500,176.279305,IBM
2012-05-11,199.96000700000002,202.119995,199.949997,201.169998,2391500,176.780192,IBM
2012-05-14,199.919998,200.71000700000002,198.559998,199.440002,3029200,175.25994,IBM
2012-05-15,199.440002,201.470001,198.759995,199.03999299999998,2987400,174.90842800000001,IBM
2012-05-16,199.419998,201.350006,198.179993,199.729996,5001000,175.514775,IBM
2012-05-17,199.669998,200.78999299999998,197.639999,197.889999,5626300,173.897859,IBM
2012-05-18,198.779999,198.779999,195.16000400000001,195.880005,5737100,172.13155600000002,IBM
2012-05-21,195.979996,197.929993,194.630005,197.759995,3831700,173.783616,IBM
2012-05-22,198.03999299999998,198.259995,196.059998,196.820007,3567100,172.957593,IBM
2012-05-23,195.529999,196.490005,193.199997,196.119995,4100000,172.34245,IBM
2012-05-24,195.990005,196.279999,194.0,196.08999599999999,3569300,172.31608799999998,IBM
2012-05-25,195.110001,196.0,194.0,194.300003,2901900,170.743113,IBM
2012-05-29,195.220001,198.080002,195.220001,196.46000700000002,3618500,172.641238,IBM
2012-05-30,194.800003,195.470001,193.770004,194.529999,3602500,170.945224,IBM
2012-05-31,194.100006,194.929993,192.0,192.899994,9287500,169.51284099999998,IBM
2012-06-01,190.119995,191.720001,188.600006,189.080002,5206400,166.15598400000002,IBM
2012-06-04,188.33999599999999,189.380005,187.0,188.53999299999998,4624500,165.681446,IBM
2012-06-05,187.919998,189.850006,187.559998,189.199997,3556500,166.26143100000002,IBM
2012-06-06,190.779999,194.0,190.020004,193.990005,3641300,170.4707,IBM
2012-06-07,195.279999,195.830002,193.940002,194.440002,3701100,170.86613899999998,IBM
2012-06-08,193.71000700000002,195.139999,192.699997,195.139999,2479200,171.481269,IBM
2012-06-11,196.600006,196.699997,192.369995,192.509995,3273300,169.170125,IBM
2012-06-12,192.139999,194.669998,192.139999,194.550003,3023700,170.962803,IBM
2012-06-13,194.360001,195.190002,192.350006,193.100006,3247700,169.688604,IBM
2012-06-14,193.0,195.830002,192.740005,195.100006,3585000,171.446124,IBM
2012-06-15,196.080002,199.270004,195.399994,199.100006,6389000,174.961165,IBM
2012-06-18,197.570007,199.639999,197.169998,198.28999299999998,3378900,174.249358,IBM
2012-06-19,198.830002,199.990005,198.800003,198.929993,3297600,174.81176399999998,IBM
2012-06-20,198.699997,199.740005,197.5,198.779999,3378200,174.679955,IBM
2012-06-21,199.070007,199.449997,193.190002,193.389999,4316600,169.943438,IBM
2012-06-22,193.869995,194.880005,193.220001,193.699997,8823000,170.215852,IBM
2012-06-25,192.479996,193.389999,191.679993,192.860001,3211600,169.477696,IBM
2012-06-26,193.53999299999998,193.679993,190.75,191.949997,3435900,168.678021,IBM
2012-06-27,192.139999,193.699997,190.899994,193.0,2762700,169.600722,IBM
2012-06-28,191.229996,192.080002,188.899994,191.399994,3967300,168.1947,IBM
2012-06-29,194.550003,195.809998,192.41000400000001,195.580002,5259600,171.867925,IBM
2012-07-02,196.360001,197.199997,194.850006,195.830002,2827000,172.087615,IBM
2012-07-03,195.46000700000002,196.33999599999999,194.91000400000001,195.929993,1450400,172.175483,IBM
2012-07-05,194.880005,196.850006,193.630005,195.28999299999998,2690200,171.613077,IBM
2012-07-06,193.919998,193.940002,189.740005,191.41000400000001,4952900,168.203497,IBM
2012-07-09,190.759995,191.0,188.050003,189.669998,3988100,166.674449,IBM
2012-07-10,190.300003,191.139999,185.600006,186.259995,4690300,163.677873,IBM
2012-07-11,186.220001,187.360001,183.509995,185.25,5456100,162.79033,IBM
2012-07-12,184.25,184.389999,181.850006,183.08999599999999,4931300,160.89220500000002,IBM
2012-07-13,183.46000700000002,186.330002,183.029999,186.009995,3933000,163.45818300000002,IBM
2012-07-16,185.580002,186.100006,184.580002,184.78999299999998,3144400,162.38609499999998,IBM
2012-07-17,185.729996,186.28999299999998,183.199997,183.649994,5158600,161.384309,IBM
2012-07-18,184.149994,188.58999599999999,183.550003,188.25,8019500,165.426611,IBM
2012-07-19,193.399994,196.850006,192.970001,195.33999599999999,10395400,171.657018,IBM
2012-07-20,194.08999599999999,194.899994,192.169998,192.449997,4789700,169.117401,IBM
2012-07-23,189.779999,191.300003,188.199997,190.830002,3904500,167.693814,IBM
2012-07-24,190.919998,191.320007,188.559998,190.33999599999999,3597100,167.263217,IBM
2012-07-25,190.309998,192.770004,189.320007,191.080002,3833800,167.91350400000002,IBM
2012-07-26,193.490005,194.949997,192.570007,193.949997,3282900,170.435542,IBM
2012-07-27,195.100006,197.41000400000001,193.949997,196.389999,4177300,172.57971899999998,IBM
2012-07-30,196.320007,197.83999599999999,195.919998,196.679993,2787000,172.834553,IBM
2012-07-31,196.5,197.580002,195.880005,195.979996,3507000,172.219424,IBM
2012-08-01,196.96000700000002,197.850006,194.720001,195.179993,2559300,171.516413,IBM
2012-08-02,194.16000400000001,196.600006,193.020004,194.449997,2812600,170.874922,IBM
2012-08-03,196.479996,198.949997,196.16000400000001,198.520004,3278100,174.451482,IBM
2012-08-06,198.759995,199.940002,198.520004,198.759995,2337800,174.662376,IBM
2012-08-07,199.429993,200.880005,198.800003,199.929993,3209400,175.690524,IBM
2012-08-08,198.270004,199.690002,198.16000400000001,199.029999,2068300,175.646404,IBM
2012-08-09,198.619995,199.46000700000002,197.889999,198.419998,2160100,175.108071,IBM
2012-08-10,197.869995,199.369995,197.240005,199.28999299999998,2600500,175.875853,IBM
2012-08-13,198.880005,199.979996,197.78999299999998,199.009995,2418300,175.62875,IBM
2012-08-14,198.880005,199.330002,197.720001,198.28999299999998,2562300,174.993341,IBM
2012-08-15,198.899994,199.330002,197.919998,198.399994,2111800,175.090417,IBM
2012-08-16,198.770004,201.320007,198.119995,200.83999599999999,2729500,177.243749,IBM
2012-08-17,201.080002,202.0,200.66000400000001,201.220001,2551800,177.57910800000002,IBM
2012-08-20,200.690002,201.130005,200.029999,200.5,2336000,176.943698,IBM
2012-08-21,200.990005,201.0,198.369995,198.649994,3111300,175.311045,IBM
2012-08-22,198.639999,198.649994,196.899994,197.25,3296100,174.075534,IBM
2012-08-23,197.03999299999998,197.369995,195.440002,195.699997,2757400,172.707637,IBM
2012-08-24,194.96000700000002,198.110001,194.199997,197.770004,2639500,174.534444,IBM
2012-08-27,197.96000700000002,198.300003,195.610001,195.690002,2498800,172.698817,IBM
2012-08-28,195.559998,196.110001,194.5,194.869995,2539200,171.97515,IBM
2012-08-29,195.130005,196.03999299999998,194.899994,195.080002,2141400,172.160484,IBM
2012-08-30,194.770004,195.470001,193.179993,193.369995,2740900,170.651382,IBM
2012-08-31,194.309998,195.949997,193.46000700000002,194.850006,3193300,171.95751,IBM
2012-09-04,196.610001,197.169998,193.25,194.53999299999998,4514400,171.68392,IBM
2012-09-05,194.41000400000001,195.850006,193.889999,195.03999299999998,3312500,172.125176,IBM
2012-09-06,196.259995,199.46000700000002,196.110001,199.100006,3931700,175.708187,IBM
2012-09-07,199.119995,199.5,198.080002,199.5,3413700,176.06118600000002,IBM
2012-09-10,199.389999,201.820007,198.729996,200.949997,4208000,177.340826,IBM
2012-09-11,200.550003,203.46000700000002,200.509995,203.270004,3910600,179.388261,IBM
2012-09-12,203.520004,204.649994,202.96000700000002,203.770004,3284000,179.82951699999998,IBM
2012-09-13,204.380005,206.809998,203.46000700000002,206.360001,3879600,182.115221,IBM
2012-09-14,206.240005,207.649994,206.050003,206.809998,4057100,182.512348,IBM
2012-09-17,205.550003,207.990005,205.550003,207.149994,3275100,182.812399,IBM
2012-09-18,206.880005,207.880005,206.479996,207.070007,2476100,182.74181000000002,IBM
2012-09-19,207.550003,207.570007,206.009995,206.429993,2605600,182.176989,IBM
2012-09-20,205.850006,206.990005,205.300003,206.179993,3739100,181.95636100000002,IBM
2012-09-21,207.360001,207.940002,205.919998,205.979996,12771500,181.779862,IBM
2012-09-24,205.020004,206.059998,204.899994,205.28999299999998,3511100,181.170926,IBM
2012-09-25,205.600006,207.320007,204.949997,204.979996,3345200,180.897349,IBM
2012-09-26,205.050003,205.979996,203.899994,204.0,3423300,180.032491,IBM
2012-09-27,204.369995,206.899994,204.139999,205.91000400000001,2771900,181.71809299999998,IBM
2012-09-28,205.66000400000001,208.320007,205.309998,207.449997,4910900,183.077156,IBM
2012-10-01,208.009995,211.75,207.940002,210.47000099999997,5456900,185.742346,IBM
2012-10-02,210.960007,211.47000099999997,208.5,209.83999599999999,3321000,185.186359,IBM
2012-10-03,209.940002,211.30000299999998,209.300003,210.50999500000003,3192300,185.777641,IBM
2012-10-04,210.27999900000003,210.97000099999997,208.529999,210.38999900000002,2957500,185.671744,IBM
2012-10-05,211.149994,211.789993,210.059998,210.58999599999999,2858400,185.848243,IBM
2012-10-08,210.020004,210.63999900000002,209.21000700000002,209.82000699999998,1982600,185.16871899999998,IBM
2012-10-09,209.94999700000002,210.74000499999997,207.699997,207.990005,3580400,183.55372,IBM
2012-10-10,207.820007,208.229996,205.050003,205.820007,4024500,181.63867,IBM
2012-10-11,206.570007,207.270004,205.630005,205.759995,2910000,181.585708,IBM
2012-10-12,205.639999,207.96000700000002,205.559998,207.800003,2712000,183.38603999999998,IBM
2012-10-15,208.880005,209.399994,207.820007,208.929993,3060900,184.38326999999998,IBM
2012-10-16,209.940002,211.0,209.470001,211.0,5632100,186.210077,IBM
2012-10-17,201.21000700000002,203.41000400000001,198.550003,200.630005,12673900,177.058429,IBM
2012-10-18,199.91000400000001,200.139999,194.070007,194.96000700000002,9295900,172.054587,IBM
2012-10-19,195.28999299999998,196.080002,193.179993,193.360001,6620300,170.642562,IBM
2012-10-22,193.71000700000002,194.679993,192.440002,194.399994,4402500,171.560369,IBM
2012-10-23,193.529999,194.0,190.940002,191.25,4427400,168.780461,IBM
2012-10-24,192.440002,193.28999299999998,190.559998,190.720001,3738000,168.31273000000002,IBM
2012-10-25,191.41000400000001,192.440002,190.71000700000002,191.600006,3249600,169.089345,IBM
2012-10-26,191.490005,193.869995,191.470001,193.270004,4006500,170.56313899999998,IBM
2012-10-31,194.800003,196.41000400000001,193.630005,194.529999,6052300,171.675099,IBM
2012-11-01,194.679993,197.889999,194.550003,197.149994,3758800,173.987277,IBM
2012-11-02,197.529999,198.0,193.28999299999998,193.429993,4260100,170.704331,IBM
2012-11-05,192.360001,194.970001,192.009995,194.139999,2736200,171.33092,IBM
2012-11-06,195.259995,196.75,194.679993,195.070007,3281000,172.15166399999998,IBM
2012-11-07,193.360001,193.679993,191.16000400000001,191.16000400000001,4746200,169.439348,IBM
2012-11-08,191.399994,191.809998,190.08999599999999,190.100006,3542200,168.49979299999998,IBM
2012-11-09,189.850006,191.639999,188.880005,189.639999,3671600,168.09205500000002,IBM
2012-11-12,190.029999,190.770004,187.41000400000001,189.25,3067400,167.746369,IBM
2012-11-13,188.389999,190.880005,188.25,188.320007,3406700,166.922047,IBM
2012-11-14,189.139999,189.270004,185.279999,185.509995,4404400,164.431324,IBM
2012-11-15,185.830002,187.199997,184.779999,185.850006,3411700,164.732701,IBM
2012-11-16,186.330002,187.559998,185.100006,186.940002,4660800,165.698846,IBM
2012-11-19,188.619995,190.389999,188.300003,190.350006,3588900,168.72138600000002,IBM
2012-11-20,189.880005,190.110001,188.25,189.199997,3170200,167.702048,IBM
2012-11-21,189.300003,190.889999,188.949997,190.28999299999998,5189600,168.668193,IBM
2012-11-23,191.0,193.490005,190.800003,193.490005,3877600,171.504602,IBM
2012-11-26,192.449997,193.369995,191.770004,192.880005,5210300,170.963913,IBM
2012-11-27,192.080002,193.050003,191.0,191.229996,3290900,169.50138700000002,IBM
2012-11-28,190.979996,192.03999299999998,189.270004,191.979996,3603600,170.166168,IBM
2012-11-29,192.75,192.899994,190.199997,191.529999,4077900,169.767302,IBM
2012-11-30,191.75,192.0,189.5,190.070007,4936400,168.473203,IBM
2012-12-03,190.759995,191.300003,188.360001,189.479996,3349600,167.950231,IBM
2012-12-04,189.71000700000002,190.75,189.020004,189.360001,3990700,167.843871,IBM
2012-12-05,189.009995,189.46000700000002,186.940002,188.649994,4202100,167.214539,IBM
2012-12-06,189.169998,190.179993,188.41000400000001,189.699997,3216600,168.145235,IBM
2012-12-07,190.139999,192.199997,190.110001,191.949997,4091300,170.139577,IBM
2012-12-10,192.169998,193.53999299999998,191.649994,192.619995,3438500,170.73344699999998,IBM
2012-12-11,193.179993,194.800003,193.149994,194.199997,4144000,172.13392,IBM
2012-12-12,194.600006,194.75,192.46000700000002,192.949997,4241900,171.025952,IBM
2012-12-13,192.179993,193.050003,191.369995,191.990005,3623200,170.17504,IBM
2012-12-14,191.690002,193.399994,191.259995,191.759995,3826900,169.971164,IBM
2012-12-17,191.759995,193.91000400000001,191.759995,193.619995,3792400,171.619821,IBM
2012-12-18,193.850006,195.919998,193.83999599999999,195.690002,4125900,173.454623,IBM
2012-12-19,195.46000700000002,196.449997,195.0,195.080002,4270500,172.913934,IBM
2012-12-20,194.470001,194.949997,193.16000400000001,194.770004,4184500,172.63916,IBM
2012-12-21,193.100006,194.5,191.570007,193.419998,8225300,171.44254899999999,IBM
2012-12-24,193.050003,193.830002,192.020004,192.399994,1631200,170.538443,IBM
2012-12-26,192.21000700000002,193.529999,190.949997,191.949997,2776500,170.139577,IBM
2012-12-27,191.529999,193.279999,190.699997,192.71000700000002,3967600,170.813231,IBM
2012-12-28,191.110001,192.220001,189.830002,189.830002,3536600,168.260468,IBM
2012-12-31,189.229996,191.679993,188.83999599999999,191.550003,4684900,169.785033,IBM
2013-01-02,194.08999599999999,196.350006,193.800003,196.350006,4234100,174.039633,IBM
2013-01-03,195.669998,196.28999299999998,194.440002,195.270004,3644700,173.082347,IBM
2013-01-04,194.190002,194.46000700000002,192.779999,193.990005,3380200,171.947789,IBM
2013-01-07,193.399994,193.779999,192.33999599999999,193.139999,2862300,171.194365,IBM
2013-01-08,192.919998,193.300003,191.600006,192.869995,3026900,170.95504,IBM
2013-01-09,193.479996,193.490005,191.649994,192.320007,3212000,170.467545,IBM
2013-01-10,192.649994,192.96000700000002,191.279999,192.880005,3608100,170.963913,IBM
2013-01-11,194.149994,195.0,192.899994,194.449997,3880400,172.355514,IBM
2013-01-14,192.820007,193.279999,191.75,192.619995,4172200,170.73344699999998,IBM
2013-01-15,191.309998,192.729996,190.389999,192.5,4172100,170.62708600000002,IBM
2013-01-16,192.0,193.179993,191.350006,192.58999599999999,2962900,170.706857,IBM
2013-01-17,193.850006,194.46000700000002,193.240005,193.649994,3881600,171.646411,IBM
2013-01-18,194.029999,195.0,193.800003,194.470001,4559600,172.373245,IBM
2013-01-22,194.360001,196.080002,194.009995,196.080002,7172300,173.800308,IBM
2013-01-23,203.5,208.580002,203.360001,204.720001,12530500,181.458583,IBM
2013-01-24,203.91000400000001,205.059998,203.080002,204.419998,4447200,181.192668,IBM
2013-01-25,204.449997,205.179993,204.130005,204.970001,3358900,181.68017700000001,IBM
